Date,y,rw,arima,ets,lstm
2023-10-24,1.05891,1.06686,1.0669888216164891,1.0667535173734384,1.06600675191164
2023-10-25,1.05652,1.05891,1.0670377310439216,1.0666470348587322,1.0594456019890308
2023-10-26,1.05604,1.05652,1.0670563003815605,1.0665405523440261,1.0565088536906242
2023-10-27,1.05647,1.05604,1.0670633505622404,1.06643406982932,1.055905990331173
2023-10-30,1.06141,1.05647,1.0670660272892507,1.0663275873146139,1.0562869447010756
2023-10-31,1.05732,1.06141,1.067067043556466,1.0662211047999077,1.0610764670991897
2023-11-01,1.05661,1.05732,1.0670674294004647,1.0661146222852016,1.0573370157194137
2023-11-02,1.06201,1.05661,1.06706757589303,1.0660081397704955,1.0564452472925188
2023-11-03,1.07265,1.06201,1.0670676315115486,1.0659016572557893,1.0617649628788233
2023-11-06,1.07164,1.07265,1.0670676526281127,1.0657951747410832,1.071954451981187
2023-11-07,1.06988,1.07164,1.0670676606453933,1.065688692226377,1.0715337124633788
2023-11-08,1.0709,1.06988,1.067067663689297,1.065582209711671,1.0699121399879454
2023-11-09,1.06674,1.0709,1.0670676648449695,1.0654757271969648,1.0707676791369916
2023-11-10,1.06833,1.06674,1.0670676652837412,1.0653692446822587,1.0668180795049667
2023-11-13,1.06984,1.06833,1.0670676654503286,1.0652627621675523,1.068152148937583
2023-11-14,1.08784,1.06984,1.0670676655135765,1.0651562796528462,1.0696185994720457
2023-11-15,1.08456,1.08784,1.0670676655375897,1.06504979713814,1.086837439022064
2023-11-16,1.08529,1.08456,1.0670676655467068,1.064943314623434,1.0846396424102782
2023-11-17,1.09122,1.08529,1.0670676655501683,1.0648368321087278,1.0853219560325147
2023-11-20,1.09399,1.09122,1.0670676655514826,1.0647303495940217,1.0910144679737093
2023-11-21,1.09117,1.09399,1.0670676655519815,1.0646238670793156,1.0939010578083992
2023-11-22,1.08879,1.09117,1.067067665552171,1.0645173845646094,1.091328304439783
2023-11-23,1.09061,1.08879,1.0670676655522429,1.0644109020499033,1.0889582128715514
2023-11-24,1.09352,1.09061,1.0670676655522702,1.0643044195351972,1.0904989707398416
2023-11-27,1.09543,1.09352,1.0670676655522806,1.064197937020491,1.0933455161619188
2023-11-28,1.09943,1.09543,1.0670676655522846,1.064091454505785,1.0952563213753699
2023-11-29,1.09696,1.09943,1.0670676655522862,1.0639849719910788,1.0991680065238474
2023-11-30,1.08887,1.09696,1.0670676655522868,1.0638784894763726,1.0968721240234374
2023-12-01,1.08803,1.08887,1.067067665552287,1.0637720069616665,1.088518881751299
2023-12-04,1.08351,1.08803,1.067067665552287,1.0636655244469604,1.0876801902449131
2023-12-05,1.07974,1.08351,1.067067665552287,1.0635590419322543,1.0830166563552617
2023-12-06,1.07628,1.07974,1.067067665552287,1.0634525594175481,1.0792889825057983
2023-12-07,1.07951,1.07628,1.067067665552287,1.063346076902842,1.0758507637381554
2023-12-08,1.07617,1.07951,1.067067665552287,1.0632395943881359,1.0796582481384278
2023-12-11,1.07634,1.07617,1.067067665552287,1.0631331118734297,1.0761433157920839
2023-12-12,1.07943,1.07634,1.067067665552287,1.0630266293587236,1.0765707008886338
2023-12-13,1.08742,1.07943,1.067067665552287,1.0629201468440175,1.07977730214715
2023-12-14,1.09908,1.08742,1.067067665552287,1.0628136643293113,1.087431277859211
2023-12-15,1.08943,1.09908,1.067067665552287,1.0627071818146052,1.0979244642949104
2023-12-18,1.09228,1.08943,1.067067665552287,1.062600699299899,1.0893268830800056
2023-12-19,1.09794,1.09228,1.067067665552287,1.062494216785193,1.0919658034563064
2023-12-20,1.09414,1.09794,1.067067665552287,1.0623877342704868,1.0974084774470327
2023-12-21,1.10111,1.09414,1.067067665552287,1.0622812517557807,1.0942832139539718
2023-12-22,1.10108,1.10111,1.067067665552287,1.0621747692410743,1.1005348075461387
2023-12-26,1.1041,1.10108,1.067067665552287,1.0620682867263682,1.1009564853143692
2023-12-27,1.1106,1.1041,1.067067665552287,1.061961804211662,1.1038016197800637
2023-12-28,1.10615,1.1106,1.067067665552287,1.061855321696956,1.1099623250842094
2023-12-29,1.10384,1.10615,1.067067665552287,1.0617488391822498,1.1065746000051497
2024-01-02,1.09406,1.10384,1.067067665552287,1.0616423566675437,1.1042081831741333
2024-01-03,1.0919,1.09406,1.067067665552287,1.0615358741528376,1.0945407359170913
2024-01-04,1.09471,1.0919,1.067067665552287,1.0614293916381314,1.0916157855451107
2024-01-05,1.09403,1.09471,1.067067665552287,1.0613229091234253,1.0945340865373612
2024-01-08,1.09501,1.09403,1.067067665552287,1.0612164266087192,1.0939376636743545
2024-01-09,1.09299,1.09501,1.067067665552287,1.061109944094013,1.095009869464636
2024-01-10,1.09713,1.09299,1.067067665552287,1.061003461579307,1.092919315200448
2024-01-11,1.09722,1.09713,1.067067665552287,1.0608969790646008,1.0971740755856036
2024-01-12,1.0949200000000001,1.09722,1.067067665552287,1.0607904965498947,1.0971492378401757
2024-01-15,1.09499,1.0949200000000001,1.067067665552287,1.0606840140351885,1.0947044385647775
2024-01-16,1.08748,1.09499,1.067067665552287,1.0605775315204824,1.094741726272106
2024-01-17,1.08808,1.08748,1.067067665552287,1.0604710490057763,1.086988348953724
2024-01-18,1.08747,1.08808,1.067067665552287,1.0603645664910701,1.087832644472122
2024-01-19,1.08965,1.08747,1.067067665552287,1.060258083976364,1.0872573960971832
2024-01-22,1.08813,1.08965,1.067067665552287,1.0601516014616579,1.0894482708871365
2024-01-23,1.08525,1.08813,1.067067665552287,1.0600451189469517,1.0879816058063507
2024-01-24,1.08839,1.08525,1.067067665552287,1.0599386364322456,1.0850883498340846
2024-01-25,1.08466,1.08839,1.067067665552287,1.0598321539175395,1.0880223641461133
2024-01-26,1.0853,1.08466,1.067067665552287,1.0597256714028334,1.0846674994897842
2024-01-29,1.08337,1.0853,1.067067665552287,1.0596191888881272,1.0851032163023948
2024-01-30,1.08449,1.08337,1.067067665552287,1.059512706373421,1.0835785736453534
2024-01-31,1.08174,1.08449,1.067067665552287,1.059406223858715,1.0842793361502885
2024-02-01,1.08709,1.08174,1.067067665552287,1.0592997413440088,1.0818701140379905
2024-02-02,1.07881,1.08709,1.067067665552287,1.0591932588293027,1.0865777906769514
2024-02-05,1.07407,1.07881,1.067067665552287,1.0590867763145964,1.078810771625042
2024-02-06,1.0754299999999999,1.07407,1.067067665552287,1.0589802937998902,1.0739676327222587
2024-02-07,1.07729,1.0754299999999999,1.067067665552287,1.058873811285184,1.0752318008732795
2024-02-08,1.0777700000000001,1.07729,1.067067665552287,1.058767328770478,1.0770894675236942
2024-02-09,1.07842,1.0777700000000001,1.067067665552287,1.0586608462557718,1.077638243559003
2024-02-12,1.07717,1.07842,1.067067665552287,1.0585543637410657,1.0782710016465187
2024-02-13,1.07089,1.07717,1.067067665552287,1.0584478812263596,1.077186307901144
2024-02-14,1.07274,1.07089,1.067067665552287,1.0583413987116534,1.071140979630947
2024-02-15,1.07728,1.07274,1.067067665552287,1.0582349161969473,1.0725156974744796
2024-02-16,1.07755,1.07728,1.067067665552287,1.0581284336822412,1.0768730955791475
2024-02-19,1.07791,1.07755,1.067067665552287,1.058021951167535,1.077344923236966
2024-02-20,1.08077,1.07791,1.067067665552287,1.057915468652829,1.0776957314437627
2024-02-21,1.08169,1.08077,1.067067665552287,1.0578089861381228,1.0803487003159522
2024-02-22,1.0823,1.08169,1.067067665552287,1.0577025036234167,1.081417276045084
2024-02-23,1.08203,1.0823,1.067067665552287,1.0575960211087105,1.0820360891520977
2024-02-26,1.08505,1.08203,1.067067665552287,1.0574895385940044,1.081905978011489
2024-02-27,1.08442,1.08505,1.067067665552287,1.0573830560792983,1.08460258513093
2024-02-28,1.08372,1.08442,1.067067665552287,1.0572765735645921,1.0843053995406626
2024-02-29,1.08042,1.08372,1.067067665552287,1.057170091049886,1.0835997245836257
2024-03-01,1.08388,1.08042,1.067067665552287,1.0570636085351799,1.0805020431160925
2024-03-04,1.08555,1.08388,1.067067665552287,1.0569571260204738,1.0834604597902298
2024-03-05,1.08559,1.08555,1.067067665552287,1.0568506435057676,1.0852937081605196
2024-03-06,1.08975,1.08559,1.067067665552287,1.0567441609910615,1.0854219579821827
2024-03-07,1.09483,1.08975,1.067067665552287,1.0566376784763554,1.0893202632665635
2024-03-08,1.09393,1.09483,1.067067665552287,1.0565311959616492,1.0942967201781273
2024-03-11,1.09255,1.09393,1.067067665552287,1.056424713446943,1.093869165312648
2024-03-12,1.09253,1.09255,1.067067665552287,1.056318230932237,1.0925324173152446
2024-03-13,1.09477,1.09253,1.067067665552287,1.0562117484175308,1.0924127842473983
2024-03-14,1.08837,1.09477,1.067067665552287,1.0561052659028247,1.0944901935195923
2024-03-15,1.08838,1.08837,1.067067665552287,1.0559987833881184,1.0882908562731743
2024-03-18,1.08719,1.08838,1.067067665552287,1.0558923008734122,1.0881257646596432
2024-03-19,1.08647,1.08719,1.067067665552287,1.055785818358706,1.0869786820679903
2024-03-20,1.09196,1.08647,1.067067665552287,1.055679335844,1.086247942560315
2024-03-21,1.0860400000000001,1.09196,1.067067665552287,1.0555728533292938,1.0915879039788245
2024-03-22,1.08057,1.0860400000000001,1.067067665552287,1.0554663708145877,1.0859895729708673
2024-03-25,1.08357,1.08057,1.067067665552287,1.0553598882998816,1.080347795881033
2024-03-26,1.08315,1.08357,1.067067665552287,1.0552534057851755,1.0833586752462385
2024-03-27,1.08257,1.08315,1.067067665552287,1.0551469232704693,1.0830202328503133
2024-03-28,1.07874,1.08257,1.067067665552287,1.0550404407557632,1.0824520461058618
2024-03-29,1.0787,1.07874,1.067067665552287,1.054933958241057,1.0786141689813138
2024-04-01,1.0742099999999999,1.0787,1.067067665552287,1.054827475726351,1.0785405470848084
2024-04-02,1.07678,1.0742099999999999,1.067067665552287,1.0547209932116448,1.0739761060613393
2024-04-03,1.0836,1.07678,1.067067665552287,1.0546145106969387,1.076629623707533
2024-04-04,1.08373,1.0836,1.067067665552287,1.0545080281822325,1.0832153162956237
2024-04-05,1.08367,1.08373,1.067067665552287,1.0544015456675264,1.0835049498295786
2024-04-08,1.08585,1.08367,1.067067665552287,1.0542950631528203,1.0834638230848312
2024-04-09,1.08568,1.08585,1.067067665552287,1.0541885806381142,1.0855012147396803
2024-04-10,1.07412,1.08568,1.067067665552287,1.054082098123408,1.0855208742475508
2024-04-11,1.07254,1.07412,1.067067665552287,1.053975615608702,1.0743892788076401
2024-04-12,1.06409,1.07254,1.067067665552287,1.0538691330939958,1.072426207509041
2024-04-15,1.0622,1.06409,1.067067665552287,1.0537626505792896,1.0641809510290623
2024-04-16,1.06178,1.0622,1.067067665552287,1.0536561680645835,1.0619889176130295
2024-04-17,1.06729,1.06178,1.067067665552287,1.0535496855498774,1.0617744940292835
2024-04-18,1.06411,1.06729,1.067067665552287,1.0534432030351712,1.0673408923530578
2024-04-19,1.06567,1.06411,1.067067665552287,1.0533367205204651,1.064329707312584
2024-04-22,1.06539,1.06567,1.067067665552287,1.053230238005759,1.0656103557699919
2024-04-23,1.0702099999999999,1.06539,1.067067665552287,1.0531237554910529,1.0654024464297296
2024-04-24,1.06982,1.0702099999999999,1.067067665552287,1.0530172729763465,1.0698992176198958
2024-04-25,1.07297,1.06982,1.067067665552287,1.0529107904616404,1.0695741811406612
2024-04-26,1.06937,1.07297,1.067067665552287,1.0528043079469342,1.0723949896246194
2024-04-29,1.07196,1.06937,1.067067665552287,1.0526978254322281,1.069261324290633
2024-04-30,1.06664,1.07196,1.067067665552287,1.052591342917522,1.0713716659355164
2024-05-01,1.07168,1.06664,1.067067665552287,1.0524848604028159,1.0665714643192292
2024-05-02,1.07253,1.07168,1.067067665552287,1.0523783778881097,1.070973199825287
2024-05-03,1.07628,1.07253,1.067067665552287,1.0522718953734036,1.072133839611411
2024-05-06,1.07693,1.07628,1.067067665552287,1.0521654128586975,1.0756529853200911
2024-05-07,1.0754299999999999,1.07693,1.067067665552287,1.0520589303439913,1.0767759439277649
2024-05-08,1.07463,1.0754299999999999,1.067067665552287,1.0519524478292852,1.0756440960812568
2024-05-09,1.07818,1.07463,1.067067665552287,1.051845965314579,1.0748423995471001
2024-05-10,1.07692,1.07818,1.067067665552287,1.051739482799873,1.0777380527865885
2024-05-13,1.07894,1.07692,1.067067665552287,1.0516330002851668,1.0769278311109545
2024-05-14,1.0819,1.07894,1.067067665552287,1.0515265177704607,1.0786783232796193
2024-05-15,1.08834,1.0819,1.067067665552287,1.0514200352557546,1.081558609712124
2024-05-16,1.08666,1.08834,1.067067665552287,1.0513135527410484,1.0877522767210008
2024-05-17,1.08696,1.08666,1.067067665552287,1.0512070702263423,1.0865820169401168
2024-05-20,1.08569,1.08696,1.067067665552287,1.0511005877116362,1.0868308777856825
2024-05-21,1.08534,1.08569,1.067067665552287,1.05099410519693,1.0855873017913102
2024-05-22,1.08215,1.08534,1.067067665552287,1.050887622682224,1.0851697324848175
2024-05-23,1.08138,1.08215,1.067067665552287,1.0507811401675178,1.0819993897765874
2024-05-24,1.08456,1.08138,1.067067665552287,1.0506746576528116,1.081165170582533
2024-05-27,1.08587,1.08456,1.067067665552287,1.0505681751381055,1.0842253984451293
2024-05-28,1.08559,1.08587,1.067067665552287,1.0504616926233994,1.0856215935266016
2024-05-29,1.08003,1.08559,1.067067665552287,1.0503552101086933,1.0854082402664424
2024-05-30,1.08317,1.08003,1.067067665552287,1.0502487275939871,1.0799369784075021
2024-05-31,1.08489,1.08317,1.067067665552287,1.050142245079281,1.0828939976078271
2024-06-03,1.0902,1.08489,1.067067665552287,1.0500357625645749,1.0846444042932986
2024-06-04,1.08781,1.0902,1.067067665552287,1.0499292800498687,1.0897770387768746
2024-06-05,1.08687,1.08781,1.067067665552287,1.0498227975351624,1.0877578698229788
2024-06-06,1.08891,1.08687,1.067067665552287,1.0497163150204563,1.0867478202044965
2024-06-07,1.08014,1.08891,1.067067665552287,1.0496098325057501,1.0886400638741256
2024-06-10,1.07644,1.08014,1.067067665552287,1.049503349991044,1.0799568994092943
2024-06-11,1.07396,1.07644,1.067067665552287,1.0493968674763379,1.0761200299715996
2024-06-12,1.0809,1.07396,1.067067665552287,1.0492903849616317,1.0736229715323449
2024-06-13,1.07383,1.0809,1.067067665552287,1.0491839024469256,1.08072508161664
2024-06-14,1.07052,1.07383,1.067067665552287,1.0490774199322195,1.0737357842636108
2024-06-17,1.07335,1.07052,1.067067665552287,1.0489709374175133,1.0704544692206381
2024-06-18,1.07387,1.07335,1.067067665552287,1.0488644549028072,1.0732664465010167
2024-06-19,1.07437,1.07387,1.067067665552287,1.048757972388101,1.073835563889742
2024-06-20,1.07018,1.07437,1.067067665552287,1.048651489873395,1.0743130707138777
2024-06-21,1.06923,1.07018,1.067067665552287,1.0485450073586888,1.0701668597340583
2024-06-24,1.07344,1.06923,1.067067665552287,1.0484385248439827,1.0691087834966182
2024-06-25,1.07128,1.07344,1.067067665552287,1.0483320423292766,1.0731826003742218
2024-06-26,1.06788,1.07128,1.067067665552287,1.0482255598145704,1.071143545575142
2024-06-27,1.07028,1.06788,1.067067665552287,1.0481190772998643,1.0677961084985732
2024-06-28,1.07125,1.07028,1.067067665552287,1.0480125947851582,1.0699281779694556
2024-07-01,1.07393,1.07125,1.067067665552287,1.047906112270452,1.070914779752493
2024-07-02,1.07452,1.07393,1.067067665552287,1.047799629755746,1.0734366655570269
2024-07-03,1.0788,1.07452,1.067067665552287,1.0476931472410398,1.074194836513996
2024-07-04,1.0811,1.0788,1.067067665552287,1.0475866647263337,1.0781052223920822
2024-07-05,1.08388,1.0811,1.067067665552287,1.0474801822116275,1.0806743831694126
2024-07-08,1.0823,1.08388,1.067067665552287,1.0473736996969214,1.0834377836871147
2024-07-09,1.0814300000000001,1.0823,1.067067665552287,1.0472672171822153,1.0825482348918916
2024-07-10,1.08287,1.0814300000000001,1.067067665552287,1.0471607346675091,1.0814061504471304
2024-07-11,1.08668,1.08287,1.067067665552287,1.047054252152803,1.0826093709981441
2024-07-12,1.09044,1.08668,1.067067665552287,1.0469477696380969,1.0862157849860192
2024-07-15,1.08947,1.09044,1.067067665552287,1.0468412871233905,1.089975478670597
2024-07-16,1.08983,1.08947,1.067067665552287,1.0467348046086844,1.0894234398323297
2024-07-17,1.09391,1.08983,1.067067665552287,1.0466283220939783,1.089675072951913
2024-07-18,1.08951,1.09391,1.067067665552287,1.0465218395792721,1.0934970749932527
2024-07-19,1.08813,1.08951,1.067067665552287,1.046415357064566,1.089639230314493
2024-07-22,1.08901,1.08813,1.067067665552287,1.0463088745498599,1.0880532734566928
2024-07-23,1.0855299999999999,1.08901,1.067067665552287,1.0462023920351537,1.0887793096673488
2024-07-24,1.08385,1.0855299999999999,1.067067665552287,1.0460959095204476,1.0853778841167687
2024-07-25,1.08449,1.08385,1.067067665552287,1.0459894270057415,1.0836475357830524
2024-07-26,1.08548,1.08449,1.067067665552287,1.0458829444910354,1.0842355097955465
2024-07-29,1.08213,1.08548,1.067067665552287,1.0457764619763292,1.0852474047589302
2024-07-30,1.08141,1.08213,1.067067665552287,1.045669979461623,1.0819384350764751
2024-07-31,1.08258,1.08141,1.067067665552287,1.045563496946917,1.0811851737785338
2024-08-01,1.07891,1.08258,1.067067665552287,1.0454570144322108,1.0823549950611593
2024-08-02,1.09103,1.07891,1.067067665552287,1.0453505319175047,1.0787051145613193
2024-08-05,1.09495,1.09103,1.067067665552287,1.0452440494027986,1.0904151370424031
2024-08-06,1.09276,1.09495,1.067067665552287,1.0451375668880925,1.094559459590912
2024-08-07,1.09212,1.09276,1.067067665552287,1.0450310843733863,1.0927792795372009
2024-08-08,1.09178,1.09212,1.067067665552287,1.0449246018586802,1.0920554253387451
2024-08-09,1.0915300000000001,1.09178,1.067067665552287,1.044818119343974,1.0916525177633762
2024-08-12,1.093,1.0915300000000001,1.067067665552287,1.044711636829268,1.0913653324872257
2024-08-13,1.09933,1.093,1.067067665552287,1.0446051543145618,1.092754392504692
2024-08-14,1.10118,1.09933,1.067067665552287,1.0444986717998557,1.0987104594784973
2024-08-15,1.09707,1.10118,1.067067665552287,1.0443921892851495,1.100896979970932
2024-08-16,1.10264,1.09707,1.067067665552287,1.0442857067704434,1.0972100663816928
2024-08-19,1.10844,1.10264,1.067067665552287,1.0441792242557373,1.1021374860286712
2024-08-20,1.11286,1.10844,1.067067665552287,1.0440727417410312,1.1078957303953172
2024-08-21,1.11506,1.11286,1.067067665552287,1.043966259226325,1.1124282474529743
2024-08-22,1.11107,1.11506,1.067067665552287,1.043859776711619,1.114856291655302
2024-08-23,1.11928,1.11107,1.067067665552287,1.0437532941969125,1.1112470854699612
2024-08-26,1.11606,1.11928,1.067067665552287,1.0436468116822064,1.1187512892770768
2024-08-27,1.11841,1.11606,1.067067665552287,1.0435403291675003,1.1161487408280373
2024-08-28,1.11191,1.11841,1.067067665552287,1.0434338466527942,1.1182361443805693
2024-08-29,1.10777,1.11191,1.067067665552287,1.043327364138088,1.1118645353496075
2024-08-30,1.10479,1.10777,1.067067665552287,1.043220881623382,1.107472278677821
2024-09-02,1.10712,1.10479,1.067067665552287,1.0431143991086758,1.104399571700692
2024-09-03,1.10438,1.10712,1.067067665552287,1.0430079165939696,1.1069279045820237
2024-09-04,1.10815,1.10438,1.067067665552287,1.0429014340792635,1.1041773870253562
2024-09-05,1.11106,1.10815,1.067067665552287,1.0427949515645574,1.1079947804152965
2024-09-06,1.10857,1.11106,1.067067665552287,1.0426884690498512,1.1109381472206115
2024-09-09,1.10345,1.10857,1.067067665552287,1.042581986535145,1.108473198775649
2024-09-10,1.10183,1.10345,1.067067665552287,1.042475504020439,1.1031969141721727
2024-09-11,1.1013600000000001,1.10183,1.067067665552287,1.0423690215057329,1.1015700615727901
2024-09-12,1.10726,1.1013600000000001,1.067067665552287,1.0422625389910267,1.1011536084365845
2024-09-13,1.1074,1.10726,1.067067665552287,1.0421560564763206,1.1070524367964267
2024-09-16,1.11325,1.1074,1.067067665552287,1.0420495739616145,1.1072001992821692
2024-09-17,1.11125,1.11325,1.067067665552287,1.0419430914469083,1.1128149774670602
2024-09-18,1.11172,1.11125,1.067067665552287,1.0418366089322022,1.111018970012665
2024-09-19,1.1161699999999999,1.11172,1.067067665552287,1.041730126417496,1.111438379378319
2024-09-20,1.11625,1.1161699999999999,1.067067665552287,1.04162364390279,1.115603439748287
2024-09-23,1.11112,1.11625,1.067067665552287,1.0415171613880838,1.1160562539100647
2024-09-24,1.11798,1.11112,1.067067665552287,1.0414106788733777,1.1111994734954835
2024-09-25,1.11313,1.11798,1.067067665552287,1.0413041963586716,1.1172556579756736
2024-09-26,1.11746,1.11313,1.067067665552287,1.0411977138439654,1.1133993717360495
2024-09-27,1.11588,1.11746,1.067067665552287,1.0410912313292593,1.1170349217438698
2024-09-30,1.11346,1.11588,1.067067665552287,1.0409847488145532,1.115879534418583
2024-10-01,1.10683,1.11346,1.067067665552287,1.040878266299847,1.1134039859247207
2024-10-02,1.10474,1.10683,1.067067665552287,1.040771783785141,1.106633864622712
2024-10-03,1.10279,1.10474,1.067067665552287,1.0406653012704346,1.1044740414011478
2024-10-04,1.09752,1.10279,1.067067665552287,1.0405588187557284,1.102519120875001
2024-10-07,1.09737,1.09752,1.067067665552287,1.0404523362410223,1.0972147629261018
2024-10-08,1.09796,1.09737,1.067067665552287,1.0403458537263162,1.0972092262780666
2024-10-09,1.09396,1.09796,1.067067665552287,1.04023937121161,1.0979212574386596
2024-10-10,1.09359,1.09396,1.067067665552287,1.040132888696904,1.0938804497814179
2024-10-11,1.09348,1.09359,1.067067665552287,1.0400264061821978,1.0936630050086975
2024-10-14,1.09078,1.09348,1.067067665552287,1.0399199236674916,1.0935859769678116
2024-10-15,1.08913,1.09078,1.067067665552287,1.0398134411527855,1.0907458018183709
2024-10-16,1.08616,1.08913,1.067067665552287,1.0397069586380794,1.0890619018501042
2024-10-17,1.083,1.08616,1.067067665552287,1.0396004761233733,1.0860958424806595
2024-10-18,1.08671,1.083,1.067067665552287,1.0394939936086671,1.0829237642884255
2024-10-21,1.0812599999999999,1.08671,1.067067665552287,1.039387511093961,1.086366249882579
2024-10-22,1.07977,1.0812599999999999,1.067067665552287,1.0392810285792549,1.081501422650814
2024-10-23,1.07834,1.07977,1.067067665552287,1.0391745460645487,1.0798017934978008
2024-10-24,1.08277,1.07834,1.067067665552287,1.0390680635498426,1.0783207820522787
2024-10-25,1.07942,1.08277,1.067067665552287,1.0389615810351365,1.0820482701903582
2024-10-28,1.08132,1.07942,1.067067665552287,1.0388550985204303,1.0796929236865045
2024-10-29,1.0814300000000001,1.08132,1.067067665552287,1.0387486160057242,1.0809947767496109
2024-10-30,1.08551,1.0814300000000001,1.067067665552287,1.038642133491018,1.0813930009639263
2024-10-31,1.08813,1.08551,1.067067665552287,1.038535650976312,1.084808183502555
2024-11-01,1.08312,1.08813,1.067067665552287,1.0384291684616058,1.0876387036639452
2024-11-04,1.08768,1.08312,1.067067665552287,1.0383226859468997,1.0836149091625213
2024-11-05,1.09284,1.08768,1.067067665552287,1.0382162034321936,1.0870755178070068
2024-11-06,1.07286,1.09284,1.067067665552287,1.0381097209174874,1.0921223057699203
2024-11-07,1.08017,1.07286,1.067067665552287,1.0380032384027813,1.073349197909832
2024-11-08,1.07174,1.08017,1.067067665552287,1.0378967558880752,1.0798701032912732
2024-11-11,1.06555,1.07174,1.067067665552287,1.037790273373369,1.0718547297048568
2024-11-12,1.06239,1.06555,1.067067665552287,1.037683790858663,1.0654407598257065
2024-11-13,1.05635,1.06239,1.067067665552287,1.0375773083439566,1.0623296528202295
2024-11-14,1.05286,1.05635,1.067067665552287,1.0374708258292504,1.0561410875499246
2024-11-15,1.05332,1.05286,1.067067665552287,1.0373643433145443,1.052912840001583
2024-11-18,1.05988,1.05332,1.067067665552287,1.0372578607998382,1.0541516204977035
2024-11-19,1.05955,1.05988,1.067067665552287,1.037151378285132,1.0615697720241546
2024-11-20,1.05428,1.05955,1.067067665552287,1.037044895770426,1.0603227535843849
2024-11-21,1.0472,1.05428,1.067067665552287,1.0369384132557198,1.0546594278287889
2024-11-22,1.04154,1.0472,1.067067665552287,1.0368319307410137,1.0472017477035522
2024-11-25,1.04929,1.04154,1.067067665552287,1.0367254482263075,1.0416749632716178
2024-11-26,1.04892,1.04929,1.067067665552287,1.0366189657116014,1.0497499379694462
2024-11-27,1.05654,1.04892,1.067067665552287,1.0365124831968953,1.0488606055212022
2024-11-28,1.05547,1.05654,1.067067665552287,1.0364060006821891,1.0550586463344098
2024-11-29,1.0576,1.05547,1.067067665552287,1.036299518167483,1.0546098190671205
2024-12-02,1.04986,1.0576,1.067067665552287,1.0361930356527769,1.056666409111023
2024-12-03,1.05103,1.04986,1.067067665552287,1.0360865531380707,1.0511179134535789
2024-12-04,1.05091,1.05103,1.067067665552287,1.0359800706233646,1.050773150293827
2024-12-05,1.05875,1.05091,1.067067665552287,1.0358735881086585,1.0510495599532128
2024-12-06,1.05685,1.05875,1.067067665552287,1.0357671055939524,1.057234814912081
2024-12-09,1.05535,1.05685,1.067067665552287,1.0356606230792462,1.0570360818207265
2024-12-10,1.05264,1.05535,1.067067665552287,1.03555414056454,1.0557379904031754
2024-12-11,1.04952,1.05264,1.067067665552287,1.035447658049834,1.0530244844055177
2024-12-12,1.04666,1.04952,1.067067665552287,1.0353411755351278,1.0496701350402833
2024-12-13,1.05033,1.04666,1.067067665552287,1.0352346930204217,1.0466508292877674
2024-12-16,1.05141,1.05033,1.067067665552287,1.0351282105057156,1.0500426451313496
2024-12-17,1.04911,1.05141,1.067067665552287,1.0350217279910094,1.0512201758426427
2024-12-18,1.03491,1.04911,1.067067665552287,1.0349152454763033,1.0490072602051497
2024-12-19,1.03622,1.03491,1.067067665552287,1.0348087629615972,1.034886251104474
2024-12-20,1.04281,1.03622,1.067067665552287,1.034702280446891,1.0361009816873072
2024-12-23,1.04056,1.04281,1.067067665552287,1.0345957979321847,1.0428828472065925
2024-12-24,1.03849,1.04056,1.067067665552287,1.0344893154174786,1.0407432136058807
2024-12-26,1.04219,1.03849,1.067067665552287,1.0343828329027724,1.038639176174402
2024-12-27,1.04237,1.04219,1.067067665552287,1.0342763503880663,1.0423010694241523
2024-12-30,1.04043,1.04237,1.067067665552287,1.0341698678733602,1.0423424763685465
2024-12-31,1.0348600000000001,1.04043,1.067067665552287,1.034063385358654,1.040399736943245
2025-01-02,1.02664,1.0348600000000001,1.067067665552287,1.033956902843948,1.0348194129395487
2025-01-03,1.03076,1.02664,1.067067665552287,1.0338504203292418,1.0265617959690094
2025-01-06,1.03894,1.03076,1.067067665552287,1.0337439378145357,1.0307362848997115
2025-01-07,1.03401,1.03894,1.067067665552287,1.0336374552998295,1.038664554710388
2025-01-08,1.03175,1.03401,1.067067665552287,1.0335309727851234,1.0340867932212354
2025-01-09,1.02991,1.03175,1.067067665552287,1.0334244902704173,1.0319325233697891
2025-01-10,1.02443,1.02991,1.067067665552287,1.0333180077557111,1.0300304421174526
2025-01-13,1.02379,1.02443,1.067067665552287,1.033211525241005,1.0246810819530487
2025-01-14,1.0307,1.02379,1.067067665552287,1.0331050427262989,1.0237829823964835
2025-01-15,1.02891,1.0307,1.067067665552287,1.0329985602115928,1.0302762247681618
2025-01-16,1.03021,1.02891,1.067067665552287,1.0328920776968866,1.0288849169236423
2025-01-17,1.02691,1.03021,1.067067665552287,1.0327855951821805,1.0300079151540995
2025-01-20,1.04131,1.02691,1.067067665552287,1.0326791126674744,1.0271951096856593
2025-01-21,1.04273,1.04131,1.067067665552287,1.0325726301527682,1.0396662198853492
2025-01-22,1.04097,1.04273,1.067067665552287,1.032466147638062,1.0423408691376448
2025-01-23,1.04147,1.04097,1.067067665552287,1.032359665123356,1.0408567648690938
2025-01-24,1.04954,1.04147,1.067067665552287,1.0322531826086498,1.0413951358020304
2025-01-27,1.04907,1.04954,1.067067665552287,1.0321467000939437,1.0487784880530833
2025-01-28,1.04299,1.04907,1.067067665552287,1.0320402175792376,1.0489944019013642
2025-01-29,1.04209,1.04299,1.067067665552287,1.0319337350645315,1.0433974428355695
2025-01-30,1.03919,1.04209,1.067067665552287,1.0318272525498253,1.0421519891774653
2025-01-31,1.03575,1.03919,1.067067665552287,1.0317207700351192,1.0392401718461515
2025-02-03,1.03342,1.03575,1.067067665552287,1.031614287520413,1.0355601633042097
2025-02-04,1.03799,1.03342,1.067067665552287,1.031507805005707,1.0330980960011482
2025-02-05,1.03985,1.03799,1.067067665552287,1.0314013224910006,1.0378609412133692
2025-02-06,1.03842,1.03985,1.067067665552287,1.0312948399762945,1.039677819865942
2025-02-07,1.03254,1.03842,1.067067665552287,1.0311883574615883,1.0383609524989128
2025-02-10,1.03058,1.03254,1.067067665552287,1.0310818749468822,1.032347859070301
2025-02-11,1.03601,1.03058,1.067067665552287,1.030975392432176,1.0303509988212587
2025-02-12,1.03817,1.03601,1.067067665552287,1.03086890991747,1.0360365529334545
2025-02-13,1.04643,1.03817,1.067067665552287,1.0307624274027638,1.0381051500177383
2025-02-14,1.04884,1.04643,1.067067665552287,1.0306559448880577,1.0459521050584315
2025-02-17,1.04841,1.04884,1.067067665552287,1.0305494623733515,1.0484125799155235
2025-02-18,1.04463,1.04841,1.067067665552287,1.0304429798586454,1.0480959872192146
2025-02-19,1.04237,1.04463,1.067067665552287,1.0303364973439393,1.0443674916028975
2025-02-20,1.05004,1.04237,1.067067665552287,1.0302300148292332,1.0422880504065752
2025-02-21,1.04589,1.05004,1.067067665552287,1.030123532314527,1.049393911702633
2025-02-24,1.04666,1.04589,1.067067665552287,1.030017049799821,1.045920421872139
2025-02-25,1.05138,1.04666,1.067067665552287,1.0299105672851148,1.0464780206286906
2025-02-26,1.04824,1.05138,1.067067665552287,1.0298040847704086,1.050902100455761
2025-02-27,1.03968,1.04824,1.067067665552287,1.0296976022557025,1.0484906696510317
2025-02-28,1.0375,1.03968,1.067067665552287,1.0295911197409964,1.0397300715637205
2025-03-03,1.04852,1.0375,1.067067665552287,1.0294846372262902,1.0372971035540104
2025-03-04,1.06234,1.04852,1.067067665552287,1.0293781547115841,1.0482076416826247
2025-03-05,1.07896,1.06234,1.067067665552287,1.029271672196878,1.0617656206667423
2025-03-06,1.07844,1.07896,1.067067665552287,1.0291651896821719,1.0779463938951492
2025-03-07,1.08358,1.07844,1.067067665552287,1.0290587071674657,1.0785818017530442
2025-03-10,1.08341,1.08358,1.067067665552287,1.0289522246527596,1.083634123404026
2025-03-11,1.09103,1.08341,1.067067665552287,1.0288457421380535,1.0837702064239978
2025-03-12,1.08856,1.09103,1.067067665552287,1.0287392596233473,1.0909742038691044
2025-03-13,1.08513,1.08856,1.067067665552287,1.0286327771086412,1.088785274581909
2025-03-14,1.08775,1.08513,1.067067665552287,1.028526294593935,1.0852590988612174
2025-03-17,1.09196,1.08775,1.067067665552287,1.0284198120792287,1.0877400802522899
2025-03-18,1.09443,1.09196,1.067067665552287,1.0283133295645226,1.091852087597847
2025-03-19,1.09037,1.09443,1.067067665552287,1.0282068470498165,1.0943192994099855
2025-03-20,1.08534,1.09037,1.067067665552287,1.0281003645351103,1.0903287306410074
2025-03-21,1.08111,1.08534,1.067067665552287,1.0279938820204042,1.085036597778797
2025-03-24,1.07992,1.08111,1.067067665552287,1.027887399505698,1.0805968063902855
2025-03-25,1.07908,1.07992,1.067067665552287,1.027780916990992,1.0795505906248093
2025-03-26,1.07362,1.07908,1.067067665552287,1.0276744344762858,1.078825621597767
2025-03-27,1.07973,1.07362,1.067067665552287,1.0275679519615797,1.0730955795061587
2025-03-28,1.0826500000000001,1.07973,1.067067665552287,1.0274614694468736,1.0800508836185934
2025-03-31,1.08167,1.0826500000000001,1.067067665552287,1.0273549869321674,1.0829423252880575
2025-04-01,1.07947,1.08167,1.067067665552287,1.0272485044174613,1.081744014494419
2025-04-02,1.08422,1.07947,1.067067665552287,1.0271420219027552,1.0793605552345513
2025-04-03,1.10521,1.08422,1.067067665552287,1.027035539388049,1.0841864598596096
2025-04-04,1.09627,1.10521,1.067067665552287,1.026929056873343,1.1041656074535846
2025-04-07,1.09054,1.09627,1.067067665552287,1.0268225743586368,1.09622125428319
2025-04-08,1.09541,1.09054,1.067067665552287,1.0267160918439306,1.0904007023227216
2025-04-09,1.0949200000000001,1.09541,1.067067665552287,1.0266096093292245,1.0953076881819963
2025-04-10,1.12013,1.0949200000000001,1.067067665552287,1.0265031268145184,1.0949124948334694
2025-04-11,1.13509,1.12013,1.067067665552287,1.0263966442998123,1.118783083883524
2025-04-14,1.13503,1.13509,1.067067665552287,1.0262901617851061,1.1341046487498283
2025-04-15,1.12821,1.13503,1.067067665552287,1.0261836792704,1.1353823371362686
2025-04-16,1.13968,1.12821,1.067067665552287,1.0260771967556939,1.1289807800281046
2025-04-17,1.13653,1.13968,1.067067665552287,1.0259707142409877,1.1398006440734862
2025-04-18,1.13917,1.13653,1.067067665552287,1.0258642317262816,1.1372220570421219
2025-04-21,1.15121,1.13917,1.067067665552287,1.0257577492115755,1.1395551277971268
2025-04-22,1.14189,1.15121,1.067067665552287,1.0256512666968693,1.1512060888046027
2025-04-23,1.13128,1.14189,1.067067665552287,1.0255447841821632,1.1419788889038565
2025-04-24,1.13932,1.13128,1.067067665552287,1.025438301667457,1.1305918140888214
2025-04-25,1.13598,1.13932,1.067067665552287,1.025331819152751,1.139805819296837
2025-04-28,1.14229,1.13598,1.067067665552287,1.0252253366380446,1.1359177748000622
2025-04-29,1.13852,1.14229,1.067067665552287,1.0251188541233385,1.1428726781880856
2025-04-30,1.13239,1.13852,1.067067665552287,1.0250123716086323,1.138511653087139
2025-05-01,1.12925,1.13239,1.067067665552287,1.0249058890939262,1.1319495905333758
2025-05-02,1.12987,1.12925,1.067067665552287,1.02479940657922,1.1289901890158653
2025-05-05,1.13134,1.12987,1.067067665552287,1.024692924064514,1.1302184456169604
2025-05-06,1.13723,1.13134,1.067067665552287,1.0245864415498078,1.131758489935398
2025-05-07,1.1302,1.13723,1.067067665552287,1.0244799590351017,1.1379650517582893
2025-05-08,1.12291,1.1302,1.067067665552287,1.0243734765203956,1.1298744915008545
2025-05-09,1.12475,1.12291,1.067067665552287,1.0242669940056894,1.1222575600075722
2025-05-12,1.10874,1.12475,1.067067665552287,1.0241605114909833,1.1251330684125422
2025-05-13,1.1187,1.10874,1.067067665552287,1.0240540289762772,1.107302760500908
2025-05-14,1.1173,1.1187,1.067067665552287,1.023947546461571,1.1197111312150956
2025-05-15,1.11857,1.1173,1.067067665552287,1.023841063946865,1.117952776634693
2025-05-16,1.11601,1.11857,1.067067665552287,1.0237345814321588,1.119421667712927
2025-05-19,1.12427,1.11601,1.067067665552287,1.0236280989174527,1.1163553686189651
2025-05-20,1.1283400000000001,1.12427,1.067067665552287,1.0235216164027465,1.1242489583218098
2025-05-21,1.13299,1.1283400000000001,1.067067665552287,1.0234151338880404,1.1277049175989629
2025-05-22,1.12801,1.13299,1.067067665552287,1.0233086513733343,1.1322756521475315
2025-05-23,1.13642,1.12801,1.067067665552287,1.0232021688586281,1.1280871853613852
2025-05-26,1.13863,1.13642,1.067067665552287,1.023095686343922,1.1354760323524475
2025-05-27,1.1329,1.13863,1.067067665552287,1.0229892038292159,1.1381079621386527
2025-05-28,1.12926,1.1329,1.067067665552287,1.0228827213145097,1.1329580724477768
2025-05-29,1.13684,1.12926,1.067067665552287,1.0227762387998036,1.1295195440483092
2025-05-30,1.13467,1.13684,1.067067665552287,1.0226697562850975,1.1361232924914362
2025-06-02,1.14419,1.13467,1.067067665552287,1.0225632737703914,1.1346049383985997
2025-06-03,1.13717,1.14419,1.067067665552287,1.0224567912556852,1.1434488128495217
2025-06-04,1.142,1.13717,1.067067665552287,1.022350308740979,1.137367106025219
2025-06-05,1.1443699999999999,1.142,1.067067665552287,1.0222438262262727,1.1416846386194228
2025-06-06,1.13926,1.1443699999999999,1.067067665552287,1.0221373437115666,1.1442357631778717
2025-06-09,1.14181,1.13926,1.067067665552287,1.0220308611968605,1.1394580115270614
2025-06-10,1.14246,1.14181,1.067067665552287,1.0219243786821544,1.1416501336854696
2025-06-11,1.14869,1.14246,1.067067665552287,1.0218178961674482,1.142327757718563
2025-06-12,1.15859,1.14869,1.067067665552287,1.021711413652742,1.1484463934910298
2025-06-13,1.15473,1.15859,1.067067665552287,1.021604931138036,1.1579788424932957
2025-06-16,1.15614,1.15473,1.067067665552287,1.0214984486233298,1.1547209836274386
2025-06-17,1.1484,1.15614,1.067067665552287,1.0213919661086237,1.156010722374916
2025-06-18,1.14794,1.1484,1.067067665552287,1.0212854835939176,1.148174388885498
2025-06-19,1.14983,1.14794,1.067067665552287,1.0211790010792114,1.1477014789700508
2025-06-20,1.15216,1.14983,1.067067665552287,1.0210725185645053,1.1496237090218067
2025-06-23,1.15777,1.15216,1.067067665552287,1.0209660360497992,1.1519608451461794
2025-06-24,1.16103,1.15777,1.067067665552287,1.020859553535093,1.1574985896891354
2025-06-25,1.16555,1.16103,1.067067665552287,1.020753071020387,1.1607518048214913
2025-06-26,1.16998,1.16555,1.067067665552287,1.0206465885056808,1.165172210210562
2025-06-27,1.17192,1.16998,1.067067665552287,1.0205401059909747,1.1695914296579362
2025-06-30,1.17817,1.17192,1.067067665552287,1.0204336234762685,1.1716504416131974
2025-07-01,1.18049,1.17817,1.067067665552287,1.0203271409615624,1.1776379096883536
2025-07-02,1.17958,1.18049,1.067067665552287,1.0202206584468563,1.1801922251081467
2025-07-03,1.1756199999999999,1.17958,1.067067665552287,1.0201141759321501,1.1795805624675753
2025-07-04,1.1774,1.1756199999999999,1.067067665552287,1.020007693417444,1.1756215415930746
2025-07-07,1.17079,1.1774,1.067067665552287,1.0199012109027379,1.1771717794895171
2025-07-08,1.17252,1.17079,1.067067665552287,1.0197947283880318,1.1706681562244892
2025-07-09,1.17203,1.17252,1.067067665552287,1.0196882458733256,1.1722183649539948
2025-07-10,1.16982,1.17203,1.067067665552287,1.0195817633586195,1.1717774617689847
2025-07-11,1.16917,1.16982,1.067067665552287,1.0194752808439134,1.1695611744689942
2025-07-14,1.16634,1.16917,1.067067665552287,1.0193687983292072,1.168924140868187
2025-07-15,1.16001,1.16634,1.067067665552287,1.019262315814501,1.1661696082413195
2025-07-16,1.16419,1.16001,1.067067665552287,1.019155833299795,1.1596489405596255
2025-07-17,1.15961,1.16419,1.067067665552287,1.0190493507850886,1.1639752344483139
2025-07-18,1.16219,1.15961,1.067067665552287,1.0189428682703825,1.1593665659034254
2025-07-21,1.16929,1.16219,1.067067665552287,1.0188363857556764,1.1621592432665826
2025-07-22,1.17516,1.16929,1.067067665552287,1.0187299032409702,1.1692046234840154
2025-07-23,1.17707,1.17516,1.067067665552287,1.018623420726264,1.1748274964118004
2025-07-24,1.17469,1.17707,1.067067665552287,1.018516938211558,1.176719416280389
2025-07-25,1.17389,1.17469,1.067067665552287,1.0184104556968518,1.1745014442723989
2025-07-28,1.15878,1.17389,1.067067665552287,1.0183039731821457,1.1736561626112463
2025-07-29,1.15449,1.15878,1.067067665552287,1.0181974906674396,1.158448677588701
2025-07-30,1.14056,1.15449,1.067067665552287,1.0180910081527335,1.1540383805018664
2025-07-31,1.14141,1.14056,1.067067665552287,1.0179845256380273,1.139726736369133
2025-08-01,1.1595,1.14141,1.067067665552287,1.0178780431233212,1.1413252984946967
2025-08-04,1.15747,1.1595,1.067067665552287,1.017771560608615,1.159589153945446
2025-08-05,1.15757,1.15747,1.067067665552287,1.017665078093909,1.1580906393313408
2025-08-06,1.16557,1.15757,1.067067665552287,1.0175585955792028,1.1580992035281659
2025-08-07,1.16663,1.16557,1.067067665552287,1.0174521130644967,1.1659265374159813
2025-08-08,1.16404,1.16663,1.067067665552287,1.0173456305497905,1.166721092902422
2025-08-11,1.16182,1.16404,1.067067665552287,1.0172391480350844,1.164074968624115
2025-08-12,1.16726,1.16182,1.067067665552287,1.0171326655203783,1.1616549083137513
2025-08-13,1.17049,1.16726,1.067067665552287,1.0170261830056722,1.1667809821999073
2025-08-14,1.16482,1.17049,1.067067665552287,1.016919700490966,1.1698210076826812
2025-08-15,1.17028,1.16482,1.067067665552287,1.01681321797626,1.1642565862429142
2025-08-18,1.16614,1.17028,1.067067665552287,1.0167067354615538,1.1695320265316964
2025-08-19,1.16461,1.16614,1.067067665552287,1.0166002529468476,1.16569417979002
2025-08-20,1.1651,1.16461,1.067067665552287,1.0164937704321415,1.1642123147886991
2025-08-21,1.1605699999999999,1.1651,1.067067665552287,1.0163872879174354,1.1647890236258507
2025-08-22,1.17209,1.1605699999999999,1.067067665552287,1.0162808054027292,1.1609447921144962
2025-08-25,1.1620300000000001,1.17209,1.067067665552287,1.0161743228880231,1.1705054597944022
2025-08-26,1.16414,1.1620300000000001,1.067067665552287,1.0160678403733168,1.1630863899016382
2025-08-27,1.16372,1.16414,1.067067665552287,1.0159613578586106,1.16402661976099
2025-08-28,1.16815,1.16372,1.067067665552287,1.0158548753439045,1.1636364174437523
2025-08-29,1.16863,1.16815,1.067067665552287,1.0157483928291984,1.1680498761355878
2025-09-01,1.17117,1.16863,1.067067665552287,1.0156419103144922,1.1685589511084558
2025-09-02,1.16419,1.17117,1.067067665552287,1.0155354277997861,1.1710305252707005
2025-09-03,1.16606,1.16419,1.067067665552287,1.01542894528508,1.1640931993716956
2025-09-04,1.16511,1.16606,1.067067665552287,1.0153224627703739,1.1658586509907247
2025-09-05,1.17205,1.16511,1.067067665552287,1.0152159802556677,1.1648986759203672
2025-09-08,1.17609,1.17205,1.067067665552287,1.0151094977409616,1.1715987766891718
2025-09-09,1.1709100000000001,1.17609,1.067067665552287,1.0150030152262555,1.1756761270809175
2025-09-10,1.16946,1.1709100000000001,1.067067665552287,1.0148965327115493,1.170879989579916
2025-09-11,1.17361,1.16946,1.067067665552287,1.0147900501968432,1.1692677529263495
2025-09-12,1.17316,1.17361,1.067067665552287,1.014683567682137,1.17324414786458
2025-09-15,1.17602,1.17316,1.067067665552287,1.014577085167431,1.1730117573356629
2025-09-16,1.1865,1.17602,1.067067665552287,1.0144706026527248,1.1756842389416695
2025-09-17,1.18117,1.1865,1.067067665552287,1.0143641201380187,1.1855198081731797
2025-09-18,1.17819,1.18117,1.067067665552287,1.0142576376233126,1.1812685645055772
2025-09-19,1.1743000000000001,1.17819,1.067067665552287,1.0141511551086064,1.1781387353146078
2025-09-22,1.18014,1.1743000000000001,1.067067665552287,1.0140446725939003,1.1741637221992016
2025-09-23,1.18143,1.18014,1.067067665552287,1.0139381900791942,1.1798295815241338
2025-09-24,1.1737,1.18143,1.067067665552287,1.013831707564488,1.181261980944872
2025-09-25,1.16643,1.1737,1.067067665552287,1.013725225049782,1.1735629523336888
2025-09-26,1.16814,1.16643,1.067067665552287,1.0136187425350758,1.165982052707076
